{"cameraMode":{"drawMode":0,"name":"Shaded","section":"Shading Mode"},"sceneLighting":true,"audioPlay":false,"sceneViewState":{"m_AlwaysRefresh":false,"showFog":true,"showSkybox":true,"showFlares":true,"showImageEffects":true,"showParticleSystems":true,"showVisualEffectGraphs":true,"m_FxEnabled":true},"in2DMode":false,"pivot":{"x":-1.1402629613876343,"y":0.8943197131156921,"z":-12.344769477844239},"rotation":{"x":-0.28850507736206057,"y":-0.24021616578102113,"z":0.07501910626888275,"w":-0.9238178730010986},"size":0.8660253882408142,"orthographic":false}